-- phpMyAdmin SQL Dump
-- version 5.0.2
-- https://www.phpmyadmin.net/
--
-- Host: 127.0.0.1
-- Generation Time: Aug 11, 2020 at 05:02 PM
-- Server version: 10.4.13-MariaDB
-- PHP Version: 7.4.8

SET SQL_MODE = "NO_AUTO_VALUE_ON_ZERO";
START TRANSACTION;
SET time_zone = "+00:00";


/*!40101 SET @OLD_CHARACTER_SET_CLIENT=@@CHARACTER_SET_CLIENT */;
/*!40101 SET @OLD_CHARACTER_SET_RESULTS=@@CHARACTER_SET_RESULTS */;
/*!40101 SET @OLD_COLLATION_CONNECTION=@@COLLATION_CONNECTION */;
/*!40101 SET NAMES utf8mb4 */;

--
-- Database: `diamond_shop`
--

-- --------------------------------------------------------

--
-- Table structure for table `category`
--

CREATE TABLE `category` (
  `id` int(11) NOT NULL,
  `name` varchar(255) NOT NULL,
  `description` varchar(255) DEFAULT NULL
) ENGINE=InnoDB DEFAULT CHARSET=utf8mb4;

--
-- Dumping data for table `category`
--

INSERT INTO `category` (`id`, `name`, `description`) VALUES
(1, 'Đồng hồ', NULL),
(2, 'Vòng tay', NULL),
(3, 'Dây đeo tay', NULL),
(4, 'Dây chuyền', NULL);

-- --------------------------------------------------------

--
-- Table structure for table `color`
--

CREATE TABLE `color` (
  `id` int(11) NOT NULL,
  `id_product` bigint(20) NOT NULL,
  `name` varchar(255) NOT NULL,
  `code` varchar(255) NOT NULL,
  `image` varchar(255) NOT NULL
) ENGINE=InnoDB DEFAULT CHARSET=utf8mb4;

--
-- Dumping data for table `color`
--

INSERT INTO `color` (`id`, `id_product`, `name`, `code`, `image`) VALUES
(1, 1, 'Vàng', '#FFFF00', 'a.jpg'),
(2, 1, 'Xanh', '#FFFF00', 'b.jpg'),
(3, 2, 'Vàng', '#FFFF00', 'c.jpg'),
(4, 2, 'Xanh', '#FFFF00', 'd.jpg'),
(5, 5, 'Vàng', '#FFFF00', 'e.jpg'),
(6, 6, 'Vàng', '#FFFF00', 'f.jpg'),
(7, 7, 'Vàng', '#FFFF00', 'g.jpg'),
(8, 8, 'Vàng', '#FFFF00', 'h.jpg'),
(9, 9, 'Vàng', '#FFFF00', 'b.jpg'),
(10, 10, 'Vàng', '#FFFF00', 'b.jpg'),
(11, 11, 'Vàng', '#FFFF00', 'b.jpg'),
(12, 12, 'Vàng', '#FFFF00', 'b.jpg'),
(13, 13, 'Vàng', '#FFFF00', 'b.jpg'),
(14, 14, 'Vàng', '#FFFF00', 'b.jpg'),
(15, 15, 'Vàng', '#FFFF00', 'b.jpg'),
(16, 16, 'Vàng', '#FFFF00', 'b.jpg'),
(17, 17, 'Vàng', '#FFFF00', 'b.jpg'),
(18, 18, 'Vàng', '#FFFF00', 'b.jpg'),
(19, 19, 'Vàng', '#FFFF00', 'b.jpg'),
(20, 20, 'Vàng', '#FFFF00', 'b.jpg'),
(21, 21, 'Vàng', '#FFFF00', 'b.jpg'),
(22, 22, 'Vàng', '#FFFF00', 'b.jpg'),
(23, 23, 'Vàng', '#FFFF00', 'b.jpg'),
(24, 24, 'Vàng', '#FFFF00', 'b.jpg'),
(25, 25, 'Vàng', '#FFFF00', 'b.jpg');

-- --------------------------------------------------------

--
-- Table structure for table `navigationbar`
--

CREATE TABLE `navigationbar` (
  `id` int(11) NOT NULL,
  `name` varchar(255) NOT NULL,
  `url` varchar(255) NOT NULL
) ENGINE=InnoDB DEFAULT CHARSET=utf8mb4;

--
-- Dumping data for table `navigationbar`
--

INSERT INTO `navigationbar` (`id`, `name`, `url`) VALUES
(1, 'Trang chủ', ''),
(2, 'Sản phẩm', ''),
(3, 'So sánh', ''),
(4, 'Giỏ hàng', ''),
(5, 'Bài viết', ''),
(6, 'Liên hệ', '');

-- --------------------------------------------------------

--
-- Table structure for table `product`
--

CREATE TABLE `product` (
  `id` bigint(20) NOT NULL,
  `id_category` int(11) NOT NULL,
  `sizes` varchar(255) NOT NULL,
  `name` varchar(255) NOT NULL,
  `price` double NOT NULL,
  `sale` tinyint(3) NOT NULL,
  `title` varchar(255) NOT NULL,
  `featured_product` tinyint(1) NOT NULL,
  `new_product` tinyint(1) NOT NULL,
  `detail` longtext NOT NULL,
  `created_at` datetime NOT NULL,
  `updated_at` datetime NOT NULL
) ENGINE=InnoDB DEFAULT CHARSET=utf8mb4;

--
-- Dumping data for table `product`
--

INSERT INTO `product` (`id`, `id_category`, `sizes`, `name`, `price`, `sale`, `title`, `featured_product`, `new_product`, `detail`, `created_at`, `updated_at`) VALUES
(1, 1, 'L,M,S', 'Manicure & Pedicure', 20000, 0, 'Nowadays the lingerie industry is one of the most successful business spheres. Nowadays the lingerie industry is one of ...', 0, 1, '<div class=\"tab-pane fade active in\" id=\"home\">\r\n              <h4>Product Information</h4>\r\n                <table class=\"table table-striped\">\r\n             <tbody>\r\n             <tr class=\"techSpecRow\"><td class=\"techSpecTD1\">Color:</td><td class=\"techSpecTD2\">Black</td></tr>\r\n                <tr class=\"techSpecRow\"><td class=\"techSpecTD1\">Style:</td><td class=\"techSpecTD2\">Apparel,Sports</td></tr>\r\n               <tr class=\"techSpecRow\"><td class=\"techSpecTD1\">Season:</td><td class=\"techSpecTD2\">spring/summer</td></tr>\r\n               <tr class=\"techSpecRow\"><td class=\"techSpecTD1\">Usage:</td><td class=\"techSpecTD2\">fitness</td></tr>\r\n              <tr class=\"techSpecRow\"><td class=\"techSpecTD1\">Sport:</td><td class=\"techSpecTD2\">122855031</td></tr>\r\n                <tr class=\"techSpecRow\"><td class=\"techSpecTD1\">Brand:</td><td class=\"techSpecTD2\">Shock Absorber</td></tr>\r\n               </tbody>\r\n                </table>\r\n                <p>Raw denim you probably haven\'t heard of them jean shorts Austin. Nesciunt tofu stumptown aliqua, retro synth master cleanse. Mustache cliche tempor, williamsburg carles vegan helvetica. Reprehenderit butcher retro keffiyeh dreamcatcher synth. Cosby sweater eu banh mi, qui irure terry richardson ex squid. Aliquip placeat salvia cillum iphone. Seitan aliquip quis cardigan american apparel, butcher voluptate nisi qui.</p>\r\n              <p>Raw denim you probably haven\'t heard of them jean shorts Austin. Nesciunt tofu stumptown aliqua, retro synth master cleanse. Mustache cliche tempor, williamsburg carles vegan helvetica. Reprehenderit butcher retro keffiyeh dreamcatcher synth. Cosby sweater eu banh mi, qui irure terry richardson ex squid. Aliquip placeat salvia cillum iphone. Seitan aliquip quis cardigan american apparel, butcher voluptate nisi qui.</p>\r\n              <p>Raw denim you probably haven\'t heard of them jean shorts Austin. Nesciunt tofu stumptown aliqua, retro synth master cleanse. Mustache cliche tempor, williamsburg carles vegan helvetica. Reprehenderit butcher retro keffiyeh dreamcatcher synth. Cosby sweater eu banh mi, qui irure terry richardson ex squid. Aliquip placeat salvia cillum iphone. Seitan aliquip quis cardigan american apparel, butcher voluptate nisi qui.</p>\r\n              <p>Raw denim you probably haven\'t heard of them jean shorts Austin. Nesciunt tofu stumptown aliqua, retro synth master cleanse. Mustache cliche tempor, williamsburg carles vegan helvetica. Reprehenderit butcher retro keffiyeh dreamcatcher synth. Cosby sweater eu banh mi, qui irure terry richardson ex squid. Aliquip placeat salvia cillum iphone. Seitan aliquip quis cardigan american apparel, butcher voluptate nisi qui.</p>\r\n              <p>Raw denim you probably haven\'t heard of them jean shorts Austin. Nesciunt tofu stumptown aliqua, retro synth master cleanse. Mustache cliche tempor, williamsburg carles vegan helvetica. Reprehenderit butcher retro keffiyeh dreamcatcher synth. Cosby sweater eu banh mi, qui irure terry richardson ex squid. Aliquip placeat salvia cillum iphone. Seitan aliquip quis cardigan american apparel, butcher voluptate nisi qui.</p>\r\n              <p>Raw denim you probably haven\'t heard of them jean shorts Austin. Nesciunt tofu stumptown aliqua, retro synth master cleanse. Mustache cliche tempor, williamsburg carles vegan helvetica. Reprehenderit butcher retro keffiyeh dreamcatcher synth. Cosby sweater eu banh mi, qui irure terry richardson ex squid. Aliquip placeat salvia cillum iphone. Seitan aliquip quis cardigan american apparel, butcher voluptate nisi qui.</p>\r\n              <p>Raw denim you probably haven\'t heard of them jean shorts Austin. Nesciunt tofu stumptown aliqua, retro synth master cleanse. Mustache cliche tempor, williamsburg carles vegan helvetica. Reprehenderit butcher retro keffiyeh dreamcatcher synth. Cosby sweater eu banh mi, qui irure terry richardson ex squid. Aliquip placeat salvia cillum iphone. Seitan aliquip quis cardigan american apparel, butcher voluptate nisi qui.</p>\r\n              <p>Raw denim you probably haven\'t heard of them jean shorts Austin. Nesciunt tofu stumptown aliqua, retro synth master cleanse. Mustache cliche tempor, williamsburg carles vegan helvetica. Reprehenderit butcher retro keffiyeh dreamcatcher synth. Cosby sweater eu banh mi, qui irure terry richardson ex squid. Aliquip placeat salvia cillum iphone. Seitan aliquip quis cardigan american apparel, butcher voluptate nisi qui.</p>\r\n\r\n          </div>', '2020-04-09 11:38:43', '2020-04-09 11:47:31'),
(2, 1, 'L,S,M', 'Name', 200000, 0, 'tital', 0, 1, 'details', '2020-04-09 11:38:43', '2020-04-09 11:38:43'),
(3, 1, 'L,S,M', 'Name', 200000, 0, 'tital', 0, 1, 'details', '2020-04-09 11:38:43', '2020-04-09 11:38:43'),
(4, 1, 'L,S,M', 'Name', 200000, 0, 'tital', 0, 1, 'details', '2020-04-09 11:38:43', '2020-04-09 11:38:43'),
(5, 1, 'L,S,M', 'Name', 200000, 0, 'tital', 0, 1, 'details', '2020-04-09 11:38:43', '2020-04-09 11:38:43'),
(6, 1, 'L,S,M', 'Name', 200000, 0, 'tital', 0, 1, 'details', '2020-04-09 11:38:43', '2020-04-09 11:38:43'),
(7, 1, 'L,S,M', 'Name', 200000, 0, 'tital', 0, 1, 'details', '2020-04-09 11:38:43', '2020-04-09 11:38:43'),
(8, 1, 'L,S,M', 'Name', 200000, 0, 'tital', 0, 1, 'details', '2020-04-09 11:38:43', '2020-04-09 11:38:43'),
(9, 1, 'L,S,M', 'Name', 200000, 0, 'tital', 0, 1, 'details', '2020-04-09 11:38:43', '2020-04-09 11:38:43'),
(10, 1, 'L,S,M', 'Name', 200000, 0, 'tital', 0, 1, 'details', '2020-04-09 11:38:43', '2020-04-09 11:38:43'),
(11, 1, 'L,S,M', 'Name', 200000, 0, 'tital', 0, 1, 'details', '2020-04-09 11:38:43', '2020-04-09 11:38:43'),
(12, 1, 'L,S,M', 'Name', 200000, 0, 'tital', 0, 1, 'details', '2020-04-09 11:38:43', '2020-04-09 11:38:43'),
(13, 1, 'L,S,M', 'Name', 200000, 0, 'tital', 0, 1, 'details', '2020-04-09 11:38:43', '2020-04-09 11:38:43'),
(14, 1, 'L,S,M', 'Name', 200000, 0, 'tital', 0, 1, 'details', '2020-04-09 11:38:43', '2020-04-09 11:38:43'),
(15, 1, 'L,S,M', 'Name', 200000, 0, 'tital', 0, 1, 'details', '2020-04-09 11:38:43', '2020-04-09 11:38:43'),
(16, 1, 'L,S,M', 'Name', 200000, 0, 'tital', 0, 1, 'details', '2020-04-09 11:38:43', '2020-04-09 11:38:43'),
(17, 1, 'L,S,M', 'Name', 200000, 0, 'tital', 0, 1, 'details', '2020-04-09 11:38:43', '2020-04-09 11:38:43'),
(18, 1, 'L,S,M', 'Name', 200000, 0, 'tital', 0, 1, 'details', '2020-04-09 11:38:43', '2020-04-09 11:38:43'),
(19, 1, 'L,S,M', 'Name', 200000, 0, 'tital', 0, 1, 'details', '2020-04-09 11:38:43', '2020-04-09 11:38:43'),
(20, 1, 'L,S,M', 'Name', 200000, 0, 'tital', 0, 1, 'details', '2020-04-09 11:38:43', '2020-04-09 11:38:43'),
(21, 1, 'L,S,M', 'Name', 200000, 0, 'tital', 0, 1, 'details', '2020-04-09 11:38:43', '2020-04-09 11:38:43'),
(22, 1, 'L,S,M', 'Name', 200000, 0, 'tital', 0, 1, 'details', '2020-04-09 11:38:43', '2020-04-09 11:38:43'),
(23, 1, 'L,S,M', 'Name', 200000, 0, 'tital', 0, 1, 'details', '2020-04-09 11:38:43', '2020-04-09 11:38:43'),
(24, 1, 'L,S,M', 'Name', 200000, 0, 'tital', 0, 1, 'details', '2020-04-09 11:38:43', '2020-04-09 11:38:43'),
(25, 1, 'L,S,M', 'Name', 200000, 0, 'tital', 0, 1, 'details', '2020-04-09 11:38:43', '2020-04-09 11:38:43'),
(26, 1, 'L,S,M', 'Name', 200000, 0, 'tital', 0, 1, 'details', '2020-04-09 11:38:43', '2020-04-09 11:38:43'),
(27, 1, 'L,S,M', 'Name', 200000, 0, 'tital', 0, 1, 'details', '2020-04-09 11:38:43', '2020-04-09 11:38:43'),
(28, 1, 'L,S,M', 'Name', 200000, 0, 'tital', 0, 1, 'details', '2020-04-09 11:38:43', '2020-04-09 11:38:43');

-- --------------------------------------------------------

--
-- Table structure for table `slide`
--

CREATE TABLE `slide` (
  `id` int(11) NOT NULL,
  `image` varchar(255) NOT NULL,
  `caption` varchar(255) NOT NULL,
  `content` varchar(255) NOT NULL
) ENGINE=InnoDB DEFAULT CHARSET=utf8mb4;

--
-- Dumping data for table `slide`
--

INSERT INTO `slide` (`id`, `image`, `caption`, `content`) VALUES
(1, 'bootstrap_free-ecommerce.png', 'Slide1', 'Very clean simple to use'),
(2, 'carousel1.png', 'Slide2', 'Highly Google seo friendly'),
(3, 'carousel3.png', 'Slide3', 'Very easy to integrate and expand.'),
(4, 'bootstrap-templates.png', 'Slide4', 'Compitable to many more opensource cart');

--
-- Indexes for dumped tables
--

--
-- Indexes for table `category`
--
ALTER TABLE `category`
  ADD PRIMARY KEY (`id`);

--
-- Indexes for table `color`
--
ALTER TABLE `color`
  ADD PRIMARY KEY (`id`);

--
-- Indexes for table `navigationbar`
--
ALTER TABLE `navigationbar`
  ADD PRIMARY KEY (`id`);

--
-- Indexes for table `product`
--
ALTER TABLE `product`
  ADD PRIMARY KEY (`id`),
  ADD KEY `id_category` (`id_category`);

--
-- Indexes for table `slide`
--
ALTER TABLE `slide`
  ADD PRIMARY KEY (`id`);

--
-- AUTO_INCREMENT for dumped tables
--

--
-- AUTO_INCREMENT for table `category`
--
ALTER TABLE `category`
  MODIFY `id` int(11) NOT NULL AUTO_INCREMENT, AUTO_INCREMENT=5;

--
-- AUTO_INCREMENT for table `color`
--
ALTER TABLE `color`
  MODIFY `id` int(11) NOT NULL AUTO_INCREMENT, AUTO_INCREMENT=26;

--
-- AUTO_INCREMENT for table `navigationbar`
--
ALTER TABLE `navigationbar`
  MODIFY `id` int(11) NOT NULL AUTO_INCREMENT, AUTO_INCREMENT=7;

--
-- AUTO_INCREMENT for table `product`
--
ALTER TABLE `product`
  MODIFY `id` bigint(20) NOT NULL AUTO_INCREMENT, AUTO_INCREMENT=29;

--
-- AUTO_INCREMENT for table `slide`
--
ALTER TABLE `slide`
  MODIFY `id` int(11) NOT NULL AUTO_INCREMENT, AUTO_INCREMENT=5;
COMMIT;

/*!40101 SET CHARACTER_SET_CLIENT=@OLD_CHARACTER_SET_CLIENT */;
/*!40101 SET CHARACTER_SET_RESULTS=@OLD_CHARACTER_SET_RESULTS */;
/*!40101 SET COLLATION_CONNECTION=@OLD_COLLATION_CONNECTION */;
